name,title,level,facing,categories,description,detail,remediation,metadata,cache_key
rls_disabled_in_public,RLS Disabled in Public,ERROR,EXTERNAL,"[""SECURITY""]",Detects cases where row level security (RLS) has not been enabled on tables in schemas exposed to PostgREST,"Table \`public.Post\` is public, but RLS has not been enabled.",https://supabase.com/docs/guides/database/database-linter?lint=0013_rls_disabled_in_public,"{""name"":""Post"",""type"":""table"",""schema"":""public""}",rls_disabled_in_public_public_Post
rls_disabled_in_public,RLS Disabled in Public,ERROR,EXTERNAL,"[""SECURITY""]",Detects cases where row level security (RLS) has not been enabled on tables in schemas exposed to PostgREST,"Table \`public.IncidentSubscriber\` is public, but RLS has not been enabled.",https://supabase.com/docs/guides/database/database-linter?lint=0013_rls_disabled_in_public,"{""name"":""IncidentSubscriber"",""type"":""table"",""schema"":""public""}",rls_disabled_in_public_public_IncidentSubscriber
rls_disabled_in_public,RLS Disabled in Public,ERROR,EXTERNAL,"[""SECURITY""]",Detects cases where row level security (RLS) has not been enabled on tables in schemas exposed to PostgREST,"Table \`public.WhatsAppTemplate\` is public, but RLS has not been enabled.",https://supabase.com/docs/guides/database/database-linter?lint=0013_rls_disabled_in_public,"{""name"":""WhatsAppTemplate"",""type"":""table"",""schema"":""public""}",rls_disabled_in_public_public_WhatsAppTemplate
rls_disabled_in_public,RLS Disabled in Public,ERROR,EXTERNAL,"[""SECURITY""]",Detects cases where row level security (RLS) has not been enabled on tables in schemas exposed to PostgREST,"Table \`public.WhatsAppOptIn\` is public, but RLS has not been enabled.",https://supabase.com/docs/guides/database/database-linter?lint=0013_rls_disabled_in_public,"{""name"":""WhatsAppOptIn"",""type"":""table"",""schema"":""public""}",rls_disabled_in_public_public_WhatsAppOptIn
rls_disabled_in_public,RLS Disabled in Public,ERROR,EXTERNAL,"[""SECURITY""]",Detects cases where row level security (RLS) has not been enabled on tables in schemas exposed to PostgREST,"Table \`public.WhatsAppAnalytics\` is public, but RLS has not been enabled.",https://supabase.com/docs/guides/database/database-linter?lint=0013_rls_disabled_in_public,"{""name"":""WhatsAppAnalytics"",""type"":""table"",""schema"":""public""}",rls_disabled_in_public_public_WhatsAppAnalytics
rls_disabled_in_public,RLS Disabled in Public,ERROR,EXTERNAL,"[""SECURITY""]",Detects cases where row level security (RLS) has not been enabled on tables in schemas exposed to PostgREST,"Table \`public.ShareableLink\` is public, but RLS has not been enabled.",https://supabase.com/docs/guides/database/database-linter?lint=0013_rls_disabled_in_public,"{""name"":""ShareableLink"",""type"":""table"",""schema"":""public""}",rls_disabled_in_public_public_ShareableLink
rls_disabled_in_public,RLS Disabled in Public,ERROR,EXTERNAL,"[""SECURITY""]",Detects cases where row level security (RLS) has not been enabled on tables in schemas exposed to PostgREST,"Table \`public.OAuthAuthorizationCode\` is public, but RLS has not been enabled.",https://supabase.com/docs/guides/database/database-linter?lint=0013_rls_disabled_in_public,"{""name"":""OAuthAuthorizationCode"",""type"":""table"",""schema"":""public""}",rls_disabled_in_public_public_OAuthAuthorizationCode
rls_disabled_in_public,RLS Disabled in Public,ERROR,EXTERNAL,"[""SECURITY""]",Detects cases where row level security (RLS) has not been enabled on tables in schemas exposed to PostgREST,"Table \`public.IdempotencyKey\` is public, but RLS has not been enabled.",https://supabase.com/docs/guides/database/database-linter?lint=0013_rls_disabled_in_public,"{""name"":""IdempotencyKey"",""type"":""table"",""schema"":""public""}",rls_disabled_in_public_public_IdempotencyKey
rls_disabled_in_public,RLS Disabled in Public,ERROR,EXTERNAL,"[""SECURITY""]",Detects cases where row level security (RLS) has not been enabled on tables in schemas exposed to PostgREST,"Table \`public.AuditLog\` is public, but RLS has not been enabled.",https://supabase.com/docs/guides/database/database-linter?lint=0013_rls_disabled_in_public,"{""name"":""AuditLog"",""type"":""table"",""schema"":""public""}",rls_disabled_in_public_public_AuditLog
rls_disabled_in_public,RLS Disabled in Public,ERROR,EXTERNAL,"[""SECURITY""]",Detects cases where row level security (RLS) has not been enabled on tables in schemas exposed to PostgREST,"Table \`public.ModerationRule\` is public, but RLS has not been enabled.",https://supabase.com/docs/guides/database/database-linter?lint=0013_rls_disabled_in_public,"{""name"":""ModerationRule"",""type"":""table"",""schema"":""public""}",rls_disabled_in_public_public_ModerationRule
rls_disabled_in_public,RLS Disabled in Public,ERROR,EXTERNAL,"[""SECURITY""]",Detects cases where row level security (RLS) has not been enabled on tables in schemas exposed to PostgREST,"Table \`public.ModerationAuditLog\` is public, but RLS has not been enabled.",https://supabase.com/docs/guides/database/database-linter?lint=0013_rls_disabled_in_public,"{""name"":""ModerationAuditLog"",""type"":""table"",""schema"":""public""}",rls_disabled_in_public_public_ModerationAuditLog
rls_disabled_in_public,RLS Disabled in Public,ERROR,EXTERNAL,"[""SECURITY""]",Detects cases where row level security (RLS) has not been enabled on tables in schemas exposed to PostgREST,"Table \`public.FamilyConnection\` is public, but RLS has not been enabled.",https://supabase.com/docs/guides/database/database-linter?lint=0013_rls_disabled_in_public,"{""name"":""FamilyConnection"",""type"":""table"",""schema"":""public""}",rls_disabled_in_public_public_FamilyConnection
rls_disabled_in_public,RLS Disabled in Public,ERROR,EXTERNAL,"[""SECURITY""]",Detects cases where row level security (RLS) has not been enabled on tables in schemas exposed to PostgREST,"Table \`public.FamilyMilestone\` is public, but RLS has not been enabled.",https://supabase.com/docs/guides/database/database-linter?lint=0013_rls_disabled_in_public,"{""name"":""FamilyMilestone"",""type"":""table"",""schema"":""public""}",rls_disabled_in_public_public_FamilyMilestone
rls_disabled_in_public,RLS Disabled in Public,ERROR,EXTERNAL,"[""SECURITY""]",Detects cases where row level security (RLS) has not been enabled on tables in schemas exposed to PostgREST,"Table \`public.PersonPrivacySetting\` is public, but RLS has not been enabled.",https://supabase.com/docs/guides/database/database-linter?lint=0013_rls_disabled_in_public,"{""name"":""PersonPrivacySetting"",""type"":""table"",""schema"":""public""}",rls_disabled_in_public_public_PersonPrivacySetting
rls_disabled_in_public,RLS Disabled in Public,ERROR,EXTERNAL,"[""SECURITY""]",Detects cases where row level security (RLS) has not been enabled on tables in schemas exposed to PostgREST,"Table \`public.DataAccessLog\` is public, but RLS has not been enabled.",https://supabase.com/docs/guides/database/database-linter?lint=0013_rls_disabled_in_public,"{""name"":""DataAccessLog"",""type"":""table"",""schema"":""public""}",rls_disabled_in_public_public_DataAccessLog
rls_disabled_in_public,RLS Disabled in Public,ERROR,EXTERNAL,"[""SECURITY""]",Detects cases where row level security (RLS) has not been enabled on tables in schemas exposed to PostgREST,"Table \`public.PhotoConsent\` is public, but RLS has not been enabled.",https://supabase.com/docs/guides/database/database-linter?lint=0013_rls_disabled_in_public,"{""name"":""PhotoConsent"",""type"":""table"",""schema"":""public""}",rls_disabled_in_public_public_PhotoConsent
rls_disabled_in_public,RLS Disabled in Public,ERROR,EXTERNAL,"[""SECURITY""]",Detects cases where row level security (RLS) has not been enabled on tables in schemas exposed to PostgREST,"Table \`public.Subscription\` is public, but RLS has not been enabled.",https://supabase.com/docs/guides/database/database-linter?lint=0013_rls_disabled_in_public,"{""name"":""Subscription"",""type"":""table"",""schema"":""public""}",rls_disabled_in_public_public_Subscription
rls_disabled_in_public,RLS Disabled in Public,ERROR,EXTERNAL,"[""SECURITY""]",Detects cases where row level security (RLS) has not been enabled on tables in schemas exposed to PostgREST,"Table \`public.SupportAgent\` is public, but RLS has not been enabled.",https://supabase.com/docs/guides/database/database-linter?lint=0013_rls_disabled_in_public,"{""name"":""SupportAgent"",""type"":""table"",""schema"":""public""}",rls_disabled_in_public_public_SupportAgent
rls_disabled_in_public,RLS Disabled in Public,ERROR,EXTERNAL,"[""SECURITY""]",Detects cases where row level security (RLS) has not been enabled on tables in schemas exposed to PostgREST,"Table \`public.SupportTicket\` is public, but RLS has not been enabled.",https://supabase.com/docs/guides/database/database-linter?lint=0013_rls_disabled_in_public,"{""name"":""SupportTicket"",""type"":""table"",""schema"":""public""}",rls_disabled_in_public_public_SupportTicket
rls_disabled_in_public,RLS Disabled in Public,ERROR,EXTERNAL,"[""SECURITY""]",Detects cases where row level security (RLS) has not been enabled on tables in schemas exposed to PostgREST,"Table \`public.SupportMessage\` is public, but RLS has not been enabled.",https://supabase.com/docs/guides/database/database-linter?lint=0013_rls_disabled_in_public,"{""name"":""SupportMessage"",""type"":""table"",""schema"":""public""}",rls_disabled_in_public_public_SupportMessage
rls_disabled_in_public,RLS Disabled in Public,ERROR,EXTERNAL,"[""SECURITY""]",Detects cases where row level security (RLS) has not been enabled on tables in schemas exposed to PostgREST,"Table \`public.SupportEscalation\` is public, but RLS has not been enabled.",https://supabase.com/docs/guides/database/database-linter?lint=0013_rls_disabled_in_public,"{""name"":""SupportEscalation"",""type"":""table"",""schema"":""public""}",rls_disabled_in_public_public_SupportEscalation
rls_disabled_in_public,RLS Disabled in Public,ERROR,EXTERNAL,"[""SECURITY""]",Detects cases where row level security (RLS) has not been enabled on tables in schemas exposed to PostgREST,"Table \`public.SupportCSAT\` is public, but RLS has not been enabled.",https://supabase.com/docs/guides/database/database-linter?lint=0013_rls_disabled_in_public,"{""name"":""SupportCSAT"",""type"":""table"",""schema"":""public""}",rls_disabled_in_public_public_SupportCSAT
rls_disabled_in_public,RLS Disabled in Public,ERROR,EXTERNAL,"[""SECURITY""]",Detects cases where row level security (RLS) has not been enabled on tables in schemas exposed to PostgREST,"Table \`public.SLATracking\` is public, but RLS has not been enabled.",https://supabase.com/docs/guides/database/database-linter?lint=0013_rls_disabled_in_public,"{""name"":""SLATracking"",""type"":""table"",""schema"":""public""}",rls_disabled_in_public_public_SLATracking
rls_disabled_in_public,RLS Disabled in Public,ERROR,EXTERNAL,"[""SECURITY""]",Detects cases where row level security (RLS) has not been enabled on tables in schemas exposed to PostgREST,"Table \`public.OnCallSchedule\` is public, but RLS has not been enabled.",https://supabase.com/docs/guides/database/database-linter?lint=0013_rls_disabled_in_public,"{""name"":""OnCallSchedule"",""type"":""table"",""schema"":""public""}",rls_disabled_in_public_public_OnCallSchedule
rls_disabled_in_public,RLS Disabled in Public,ERROR,EXTERNAL,"[""SECURITY""]",Detects cases where row level security (RLS) has not been enabled on tables in schemas exposed to PostgREST,"Table \`public.Incident\` is public, but RLS has not been enabled.",https://supabase.com/docs/guides/database/database-linter?lint=0013_rls_disabled_in_public,"{""name"":""Incident"",""type"":""table"",""schema"":""public""}",rls_disabled_in_public_public_Incident
rls_disabled_in_public,RLS Disabled in Public,ERROR,EXTERNAL,"[""SECURITY""]",Detects cases where row level security (RLS) has not been enabled on tables in schemas exposed to PostgREST,"Table \`public.IncidentUpdate\` is public, but RLS has not been enabled.",https://supabase.com/docs/guides/database/database-linter?lint=0013_rls_disabled_in_public,"{""name"":""IncidentUpdate"",""type"":""table"",""schema"":""public""}",rls_disabled_in_public_public_IncidentUpdate
rls_disabled_in_public,RLS Disabled in Public,ERROR,EXTERNAL,"[""SECURITY""]",Detects cases where row level security (RLS) has not been enabled on tables in schemas exposed to PostgREST,"Table \`public.PostMortem\` is public, but RLS has not been enabled.",https://supabase.com/docs/guides/database/database-linter?lint=0013_rls_disabled_in_public,"{""name"":""PostMortem"",""type"":""table"",""schema"":""public""}",rls_disabled_in_public_public_PostMortem
rls_disabled_in_public,RLS Disabled in Public,ERROR,EXTERNAL,"[""SECURITY""]",Detects cases where row level security (RLS) has not been enabled on tables in schemas exposed to PostgREST,"Table \`public.KBArticle\` is public, but RLS has not been enabled.",https://supabase.com/docs/guides/database/database-linter?lint=0013_rls_disabled_in_public,"{""name"":""KBArticle"",""type"":""table"",""schema"":""public""}",rls_disabled_in_public_public_KBArticle
rls_disabled_in_public,RLS Disabled in Public,ERROR,EXTERNAL,"[""SECURITY""]",Detects cases where row level security (RLS) has not been enabled on tables in schemas exposed to PostgREST,"Table \`public.KBSearchLog\` is public, but RLS has not been enabled.",https://supabase.com/docs/guides/database/database-linter?lint=0013_rls_disabled_in_public,"{""name"":""KBSearchLog"",""type"":""table"",""schema"":""public""}",rls_disabled_in_public_public_KBSearchLog
rls_disabled_in_public,RLS Disabled in Public,ERROR,EXTERNAL,"[""SECURITY""]",Detects cases where row level security (RLS) has not been enabled on tables in schemas exposed to PostgREST,"Table \`public.WhatsAppConsent\` is public, but RLS has not been enabled.",https://supabase.com/docs/guides/database/database-linter?lint=0013_rls_disabled_in_public,"{""name"":""WhatsAppConsent"",""type"":""table"",""schema"":""public""}",rls_disabled_in_public_public_WhatsAppConsent
rls_disabled_in_public,RLS Disabled in Public,ERROR,EXTERNAL,"[""SECURITY""]",Detects cases where row level security (RLS) has not been enabled on tables in schemas exposed to PostgREST,"Table \`public.NotificationPreference\` is public, but RLS has not been enabled.",https://supabase.com/docs/guides/database/database-linter?lint=0013_rls_disabled_in_public,"{""name"":""NotificationPreference"",""type"":""table"",""schema"":""public""}",rls_disabled_in_public_public_NotificationPreference
rls_disabled_in_public,RLS Disabled in Public,ERROR,EXTERNAL,"[""SECURITY""]",Detects cases where row level security (RLS) has not been enabled on tables in schemas exposed to PostgREST,"Table \`public.Notification\` is public, but RLS has not been enabled.",https://supabase.com/docs/guides/database/database-linter?lint=0013_rls_disabled_in_public,"{""name"":""Notification"",""type"":""table"",""schema"":""public""}",rls_disabled_in_public_public_Notification
rls_disabled_in_public,RLS Disabled in Public,ERROR,EXTERNAL,"[""SECURITY""]",Detects cases where row level security (RLS) has not been enabled on tables in schemas exposed to PostgREST,"Table \`public.NotificationUpdate\` is public, but RLS has not been enabled.",https://supabase.com/docs/guides/database/database-linter?lint=0013_rls_disabled_in_public,"{""name"":""NotificationUpdate"",""type"":""table"",""schema"":""public""}",rls_disabled_in_public_public_NotificationUpdate
rls_disabled_in_public,RLS Disabled in Public,ERROR,EXTERNAL,"[""SECURITY""]",Detects cases where row level security (RLS) has not been enabled on tables in schemas exposed to PostgREST,"Table \`public.Invitation\` is public, but RLS has not been enabled.",https://supabase.com/docs/guides/database/database-linter?lint=0013_rls_disabled_in_public,"{""name"":""Invitation"",""type"":""table"",""schema"":""public""}",rls_disabled_in_public_public_Invitation
rls_disabled_in_public,RLS Disabled in Public,ERROR,EXTERNAL,"[""SECURITY""]",Detects cases where row level security (RLS) has not been enabled on tables in schemas exposed to PostgREST,"Table \`public.ApiKey\` is public, but RLS has not been enabled.",https://supabase.com/docs/guides/database/database-linter?lint=0013_rls_disabled_in_public,"{""name"":""ApiKey"",""type"":""table"",""schema"":""public""}",rls_disabled_in_public_public_ApiKey
rls_disabled_in_public,RLS Disabled in Public,ERROR,EXTERNAL,"[""SECURITY""]",Detects cases where row level security (RLS) has not been enabled on tables in schemas exposed to PostgREST,"Table \`public.OAuthClient\` is public, but RLS has not been enabled.",https://supabase.com/docs/guides/database/database-linter?lint=0013_rls_disabled_in_public,"{""name"":""OAuthClient"",""type"":""table"",""schema"":""public""}",rls_disabled_in_public_public_OAuthClient
rls_disabled_in_public,RLS Disabled in Public,ERROR,EXTERNAL,"[""SECURITY""]",Detects cases where row level security (RLS) has not been enabled on tables in schemas exposed to PostgREST,"Table \`public.WebhookSubscription\` is public, but RLS has not been enabled.",https://supabase.com/docs/guides/database/database-linter?lint=0013_rls_disabled_in_public,"{""name"":""WebhookSubscription"",""type"":""table"",""schema"":""public""}",rls_disabled_in_public_public_WebhookSubscription
rls_disabled_in_public,RLS Disabled in Public,ERROR,EXTERNAL,"[""SECURITY""]",Detects cases where row level security (RLS) has not been enabled on tables in schemas exposed to PostgREST,"Table \`public.WebhookDelivery\` is public, but RLS has not been enabled.",https://supabase.com/docs/guides/database/database-linter?lint=0013_rls_disabled_in_public,"{""name"":""WebhookDelivery"",""type"":""table"",""schema"":""public""}",rls_disabled_in_public_public_WebhookDelivery
rls_disabled_in_public,RLS Disabled in Public,ERROR,EXTERNAL,"[""SECURITY""]",Detects cases where row level security (RLS) has not been enabled on tables in schemas exposed to PostgREST,"Table \`public.ModerationCase\` is public, but RLS has not been enabled.",https://supabase.com/docs/guides/database/database-linter?lint=0013_rls_disabled_in_public,"{""name"":""ModerationCase"",""type"":""table"",""schema"":""public""}",rls_disabled_in_public_public_ModerationCase
rls_disabled_in_public,RLS Disabled in Public,ERROR,EXTERNAL,"[""SECURITY""]",Detects cases where row level security (RLS) has not been enabled on tables in schemas exposed to PostgREST,"Table \`public.ModerationActionItem\` is public, but RLS has not been enabled.",https://supabase.com/docs/guides/database/database-linter?lint=0013_rls_disabled_in_public,"{""name"":""ModerationActionItem"",""type"":""table"",""schema"":""public""}",rls_disabled_in_public_public_ModerationActionItem
rls_disabled_in_public,RLS Disabled in Public,ERROR,EXTERNAL,"[""SECURITY""]",Detects cases where row level security (RLS) has not been enabled on tables in schemas exposed to PostgREST,"Table \`public.ModerationAppeal\` is public, but RLS has not been enabled.",https://supabase.com/docs/guides/database/database-linter?lint=0013_rls_disabled_in_public,"{""name"":""ModerationAppeal"",""type"":""table"",""schema"":""public""}",rls_disabled_in_public_public_ModerationAppeal
rls_disabled_in_public,RLS Disabled in Public,ERROR,EXTERNAL,"[""SECURITY""]",Detects cases where row level security (RLS) has not been enabled on tables in schemas exposed to PostgREST,"Table \`public.ContentReport\` is public, but RLS has not been enabled.",https://supabase.com/docs/guides/database/database-linter?lint=0013_rls_disabled_in_public,"{""name"":""ContentReport"",""type"":""table"",""schema"":""public""}",rls_disabled_in_public_public_ContentReport
rls_disabled_in_public,RLS Disabled in Public,ERROR,EXTERNAL,"[""SECURITY""]",Detects cases where row level security (RLS) has not been enabled on tables in schemas exposed to PostgREST,"Table \`public.ModerationAction\` is public, but RLS has not been enabled.",https://supabase.com/docs/guides/database/database-linter?lint=0013_rls_disabled_in_public,"{""name"":""ModerationAction"",""type"":""table"",""schema"":""public""}",rls_disabled_in_public_public_ModerationAction
rls_disabled_in_public,RLS Disabled in Public,ERROR,EXTERNAL,"[""SECURITY""]",Detects cases where row level security (RLS) has not been enabled on tables in schemas exposed to PostgREST,"Table \`public.UserModerationStatus\` is public, but RLS has not been enabled.",https://supabase.com/docs/guides/database/database-linter?lint=0013_rls_disabled_in_public,"{""name"":""UserModerationStatus"",""type"":""table"",""schema"":""public""}",rls_disabled_in_public_public_UserModerationStatus
rls_disabled_in_public,RLS Disabled in Public,ERROR,EXTERNAL,"[""SECURITY""]",Detects cases where row level security (RLS) has not been enabled on tables in schemas exposed to PostgREST,"Table \`public.ParentalConsent\` is public, but RLS has not been enabled.",https://supabase.com/docs/guides/database/database-linter?lint=0013_rls_disabled_in_public,"{""name"":""ParentalConsent"",""type"":""table"",""schema"":""public""}",rls_disabled_in_public_public_ParentalConsent
rls_disabled_in_public,RLS Disabled in Public,ERROR,EXTERNAL,"[""SECURITY""]",Detects cases where row level security (RLS) has not been enabled on tables in schemas exposed to PostgREST,"Table \`public.Community\` is public, but RLS has not been enabled.",https://supabase.com/docs/guides/database/database-linter?lint=0013_rls_disabled_in_public,"{""name"":""Community"",""type"":""table"",""schema"":""public""}",rls_disabled_in_public_public_Community
rls_disabled_in_public,RLS Disabled in Public,ERROR,EXTERNAL,"[""SECURITY""]",Detects cases where row level security (RLS) has not been enabled on tables in schemas exposed to PostgREST,"Table \`public.CommunityMember\` is public, but RLS has not been enabled.",https://supabase.com/docs/guides/database/database-linter?lint=0013_rls_disabled_in_public,"{""name"":""CommunityMember"",""type"":""table"",""schema"":""public""}",rls_disabled_in_public_public_CommunityMember
rls_disabled_in_public,RLS Disabled in Public,ERROR,EXTERNAL,"[""SECURITY""]",Detects cases where row level security (RLS) has not been enabled on tables in schemas exposed to PostgREST,"Table \`public.CommunityPost\` is public, but RLS has not been enabled.",https://supabase.com/docs/guides/database/database-linter?lint=0013_rls_disabled_in_public,"{""name"":""CommunityPost"",""type"":""table"",""schema"":""public""}",rls_disabled_in_public_public_CommunityPost
rls_disabled_in_public,RLS Disabled in Public,ERROR,EXTERNAL,"[""SECURITY""]",Detects cases where row level security (RLS) has not been enabled on tables in schemas exposed to PostgREST,"Table \`public.Reaction\` is public, but RLS has not been enabled.",https://supabase.com/docs/guides/database/database-linter?lint=0013_rls_disabled_in_public,"{""name"":""Reaction"",""type"":""table"",""schema"":""public""}",rls_disabled_in_public_public_Reaction
rls_disabled_in_public,RLS Disabled in Public,ERROR,EXTERNAL,"[""SECURITY""]",Detects cases where row level security (RLS) has not been enabled on tables in schemas exposed to PostgREST,"Table \`public.Comment\` is public, but RLS has not been enabled.",https://supabase.com/docs/guides/database/database-linter?lint=0013_rls_disabled_in_public,"{""name"":""Comment"",""type"":""table"",""schema"":""public""}",rls_disabled_in_public_public_Comment
rls_disabled_in_public,RLS Disabled in Public,ERROR,EXTERNAL,"[""SECURITY""]",Detects cases where row level security (RLS) has not been enabled on tables in schemas exposed to PostgREST,"Table \`public.CommunityEvent\` is public, but RLS has not been enabled.",https://supabase.com/docs/guides/database/database-linter?lint=0013_rls_disabled_in_public,"{""name"":""CommunityEvent"",""type"":""table"",""schema"":""public""}",rls_disabled_in_public_public_CommunityEvent
rls_disabled_in_public,RLS Disabled in Public,ERROR,EXTERNAL,"[""SECURITY""]",Detects cases where row level security (RLS) has not been enabled on tables in schemas exposed to PostgREST,"Table \`public.EventRSVP\` is public, but RLS has not been enabled.",https://supabase.com/docs/guides/database/database-linter?lint=0013_rls_disabled_in_public,"{""name"":""EventRSVP"",""type"":""table"",""schema"":""public""}",rls_disabled_in_public_public_EventRSVP
rls_disabled_in_public,RLS Disabled in Public,ERROR,EXTERNAL,"[""SECURITY""]",Detects cases where row level security (RLS) has not been enabled on tables in schemas exposed to PostgREST,"Table \`public.EventReminder\` is public, but RLS has not been enabled.",https://supabase.com/docs/guides/database/database-linter?lint=0013_rls_disabled_in_public,"{""name"":""EventReminder"",""type"":""table"",""schema"":""public""}",rls_disabled_in_public_public_EventReminder
rls_disabled_in_public,RLS Disabled in Public,ERROR,EXTERNAL,"[""SECURITY""]",Detects cases where row level security (RLS) has not been enabled on tables in schemas exposed to PostgREST,"Table \`public.CommunityRule\` is public, but RLS has not been enabled.",https://supabase.com/docs/guides/database/database-linter?lint=0013_rls_disabled_in_public,"{""name"":""CommunityRule"",""type"":""table"",""schema"":""public""}",rls_disabled_in_public_public_CommunityRule
rls_disabled_in_public,RLS Disabled in Public,ERROR,EXTERNAL,"[""SECURITY""]",Detects cases where row level security (RLS) has not been enabled on tables in schemas exposed to PostgREST,"Table \`public.UserContribution\` is public, but RLS has not been enabled.",https://supabase.com/docs/guides/database/database-linter?lint=0013_rls_disabled_in_public,"{""name"":""UserContribution"",""type"":""table"",""schema"":""public""}",rls_disabled_in_public_public_UserContribution
rls_disabled_in_public,RLS Disabled in Public,ERROR,EXTERNAL,"[""SECURITY""]",Detects cases where row level security (RLS) has not been enabled on tables in schemas exposed to PostgREST,"Table \`public.UserBadge\` is public, but RLS has not been enabled.",https://supabase.com/docs/guides/database/database-linter?lint=0013_rls_disabled_in_public,"{""name"":""UserBadge"",""type"":""table"",""schema"":""public""}",rls_disabled_in_public_public_UserBadge
rls_disabled_in_public,RLS Disabled in Public,ERROR,EXTERNAL,"[""SECURITY""]",Detects cases where row level security (RLS) has not been enabled on tables in schemas exposed to PostgREST,"Table \`public.Badge\` is public, but RLS has not been enabled.",https://supabase.com/docs/guides/database/database-linter?lint=0013_rls_disabled_in_public,"{""name"":""Badge"",""type"":""table"",""schema"":""public""}",rls_disabled_in_public_public_Badge
sensitive_columns_exposed,Sensitive Columns Exposed,ERROR,EXTERNAL,"[""SECURITY""]","Detects tables exposed via API that contain columns with potentially sensitive data (PII, credentials, financial info) without RLS protection.",Table `public.Invitation` is exposed via API without RLS and contains potentially sensitive column(s): token. This may lead to data exposure.,https://supabase.com/docs/guides/database/database-linter?lint=0023_sensitive_columns_exposed,"{""name"":""Invitation"",""type"":""table"",""schema"":""public"",""matched_patterns"":[""token""],""sensitive_columns"":[""token""]}",sensitive_columns_exposed_public_Invitation
sensitive_columns_exposed,Sensitive Columns Exposed,ERROR,EXTERNAL,"[""SECURITY""]","Detects tables exposed via API that contain columns with potentially sensitive data (PII, credentials, financial info) without RLS protection.",Table `public.ShareableLink` is exposed via API without RLS and contains potentially sensitive column(s): token. This may lead to data exposure.,https://supabase.com/docs/guides/database/database-linter?lint=0023_sensitive_columns_exposed,"{""name"":""ShareableLink"",""type"":""table"",""schema"":""public"",""matched_patterns"":[""token""],""sensitive_columns"":[""token""]}",sensitive_columns_exposed_public_ShareableLink
sensitive_columns_exposed,Sensitive Columns Exposed,ERROR,EXTERNAL,"[""SECURITY""]","Detects tables exposed via API that contain columns with potentially sensitive data (PII, credentials, financial info) without RLS protection.",Table `public.WebhookSubscription` is exposed via API without RLS and contains potentially sensitive column(s): secret. This may lead to data exposure.,https://supabase.com/docs/guides/database/database-linter?lint=0023_sensitive_columns_exposed,"{""name"":""WebhookSubscription"",""type"":""table"",""schema"":""public"",""matched_patterns"":[""secret""],""sensitive_columns"":[""secret""]}",sensitive_columns_exposed_public_WebhookSubscription